{"users":[{"nick":"chico ","pass":"ec95303b77db9917fd70e9026ad464f0","victories":0,"games":0},{"nick":"gvfcd","pass":"0e7746c8fa7cade52422b378a49f0c9c","victories":0,"games":0},{"nick":"uythrgefds","pass":"0251133e09c7eafde0444c4230e5c6ba","victories":0,"games":0},{"nick":"ujyh5tgerfdw","pass":"8a8a4dc84f023aad39e4cd98056ee58b","victories":0,"games":0},{"nick":"juyrtewde","pass":"0346a2531107e72cbe072e2da319bc14","victories":0,"games":0},{"nick":",myntbgrvfecd","pass":"3a6e9b46d76e2d7d68dab36668f4764b","victories":0,"games":0},{"nick":"a","pass":"0cc175b9c0f1b6a831c399e269772661","victories":0,"games":0},{"nick":"b","pass":"92eb5ffee6ae2fec3ad71c777531578f","victories":0,"games":0}]}