{"users":[{"nick":"souarita","pass":"b88738d9f8460f01c78e884678c379d3","victories":0,"games":0},{"nick":"tgerfdcs","pass":"7b8786abff1642bc864c1b39cf0d801c","victories":0,"games":0},{"nick":"yhrtgefw","pass":"6a084bbb9561513d199f3b0188724727","victories":3,"games":5},{"nick":"uyijmrntbree","pass":"400d353fb1fd760b2fa86cea3225b0f1","victories":0,"games":0},{"nick":"thgrrsdacesxws","pass":"59608f96e43a1fdb013a4b2e2ff988ca","victories":10,"games":10},{"nick":"jmhtnytegrfq","pass":"947106ee0db6a1a655df770361b569ec","victories":0,"games":0},{"nick":"uyjhtegrf","pass":"e5bd7feff3709a2d7cef0db426106555","victories":0,"games":0}]}